,id,number,title,state,created_at,user
0,4488268215,65697,"Revert ""BUG: reject unhashable elements in Index constructor (#64798)""",merged,2026-05-20T16:38:19Z,jorisvandenbossche
1,4487130682,65693,[backport 3.0.x] TST: Adjust xfails for fastparquet 2026.05.0 (#65668),merged,2026-05-20T14:03:23Z,jorisvandenbossche
2,4480153069,65686,BUG: Fix Index.where raising AssertionError when other is a RangeIndex,merged,2026-05-19T18:54:58Z,anzinmhd
3,4469701000,65680,Bump github/codeql-action from 4.35.4 to 4.35.5,merged,2026-05-18T13:54:43Z,dependabot[bot]
4,4462411508,65668,CI: Update pixi.lock + TST: Adjust xfails for fastparquet 2026.05.0,merged,2026-05-17T05:31:42Z,github-actions[bot]
5,4461922275,65666,PERF: Add ArrowExtensionArray.view fast path,merged,2026-05-17T01:38:45Z,rhshadrach
6,4460584878,65658,PERF: use Index._id for axis-identity checks in concat fast paths,merged,2026-05-16T16:34:22Z,rhshadrach
7,4456958017,65653,BUG: Preserve dtype in Index.where,merged,2026-05-15T21:05:55Z,rhshadrach
8,4456876786,65651,CLN: Reduce and cleanup benchmarks/algorithms,merged,2026-05-15T20:50:18Z,rhshadrach
9,4453216109,65648,PERF: Improve performance of groupby.size,merged,2026-05-15T10:34:08Z,rhshadrach
10,4448155983,65642,DOC: clarify scalar vs list-like return types for .loc and [],merged,2026-05-14T18:03:53Z,jbrockmendel
11,4448142202,65641,"DOC: clarify df[col]= replaces a column vs df.loc[:, col]= setting in place",merged,2026-05-14T18:01:45Z,jbrockmendel
12,4448109075,65640,DOC: clarify column-wise NA-skipping behavior of GroupBy.first/last,merged,2026-05-14T17:56:17Z,jbrockmendel
13,4448025966,65639,TYP: enable mypy checks for pandas._libs.tslibs,merged,2026-05-14T17:42:09Z,jbrockmendel
14,4447995138,65638,DOC: clarify pandas.unique return type,merged,2026-05-14T17:37:26Z,jbrockmendel
15,4447941128,65637,DOC: list IntervalIndex.get_loc and get_indexer on the API reference page,merged,2026-05-14T17:28:57Z,jbrockmendel
16,4447900810,65636,DOC: spell out low_memory split-value hazard in read_csv/read_table,merged,2026-05-14T17:22:48Z,jbrockmendel
17,4447735889,65634,DOC: document default axis=0 on DataFrame reductions,merged,2026-05-14T16:58:50Z,jbrockmendel
18,4441519533,65631,DOC: relax MultiIndex.from_tuples 'tuples' parameter description,merged,2026-05-13T22:09:51Z,jbrockmendel
19,4440092624,65630,TYP: enable mypy checks for pandas._libs.parsers,merged,2026-05-13T17:58:19Z,jbrockmendel
20,4439861282,65629,TYP: enable mypy checks for low-hanging _libs stubs,merged,2026-05-13T17:18:42Z,jbrockmendel
21,4438850578,65628,BUG: AreaPlot ymin baseline pin defeated by unrelated sharey'd axes,merged,2026-05-13T14:48:33Z,jbrockmendel
22,4438683763,65627,ENH: support dtype=complex64/complex128 in read_csv C engine (GH-9379),merged,2026-05-13T14:25:28Z,jbrockmendel
23,4433587963,65625,TST: show actual ymin/ymax in test_area_lim flake,merged,2026-05-13T00:29:22Z,jbrockmendel
24,4433517612,65624,TYP: enable mypy checking for pandas.core.dtypes.missing,merged,2026-05-13T00:14:04Z,jbrockmendel
25,4433501240,65623,DOC: explain why to prefer to_numpy/.array over .values,merged,2026-05-13T00:09:38Z,jbrockmendel
26,4433171312,65622,DOC: clarify header parameter in read_csv/read_table,merged,2026-05-12T22:48:25Z,jbrockmendel
27,4433157753,65621,DOC: document dict input to DataFrame.assign (GH-49817),merged,2026-05-12T22:45:40Z,jbrockmendel
28,4433134159,65620,DOC: clarify several docstrings,merged,2026-05-12T22:40:41Z,jbrockmendel
29,4433124282,65619,DOC: clarify that to_parquet/to_orc path accepts remote URLs,merged,2026-05-12T22:38:38Z,jbrockmendel
30,4433084805,65618,TYP: enable mypy checks for pandas._libs.algos,merged,2026-05-12T22:29:45Z,jbrockmendel
31,4430202640,65616,CLN: remove unused functions,merged,2026-05-12T14:57:42Z,jbrockmendel
32,4425392845,65614,TYP: enable mypy checking for pandas._testing,merged,2026-05-12T01:05:00Z,jbrockmendel
33,4425343370,65613,TYP: enable mypy on pandas.core._numba.executor,merged,2026-05-12T00:52:32Z,jbrockmendel
34,4425340992,65612,TYP: enable mypy for pandas.core.computation.common,merged,2026-05-12T00:51:47Z,jbrockmendel
35,4425335659,65611,TYP: enable mypy checks for pandas.util,merged,2026-05-12T00:50:07Z,jbrockmendel
36,4425301139,65610,TYP: enable pyright checking for pandas.compat.pickle_compat,merged,2026-05-12T00:39:54Z,jbrockmendel
37,4425260745,65609,Backport PR #65591 on branch 3.0.x (BUG: fix np_datetime.c include order to avoid numpy nightly segfault),merged,2026-05-12T00:28:19Z,meeseeksmachine
38,4424020914,65605,DOC: explain Index.slice_locs missing-label behavior (GH-32680),merged,2026-05-11T20:22:11Z,jbrockmendel
39,4423902090,65600,ERR: point to workaround when appending HDF5 categoricals with different categories,merged,2026-05-11T20:03:20Z,jbrockmendel
40,4423899120,65599,TST: read_stata far-future dates no longer overflow (GH-36096),merged,2026-05-11T20:02:53Z,jbrockmendel
41,4423896288,65598,BUG: avoid materializing full arange in HDFStore chunked iteration (GH-15937),merged,2026-05-11T20:02:25Z,jbrockmendel
42,4423889976,65596,TST: regression test for concat preserving NaN payload bits (GH-51675),merged,2026-05-11T20:01:28Z,jbrockmendel
43,4423779671,65594,TYP: enable mypy checks on pandas.core.indexes.category,merged,2026-05-11T19:43:12Z,jbrockmendel
44,4422905174,65592,DEPR: deprecate include/exclude on Series.describe (GH-54193),merged,2026-05-11T17:30:20Z,jbrockmendel
45,4422892085,65591,BUG: fix np_datetime.c include order to avoid numpy nightly segfault,merged,2026-05-11T17:28:21Z,jbrockmendel
46,4422148305,65590,RLS: 3.0.3,merged,2026-05-11T15:38:41Z,jorisvandenbossche
47,4421453951,65589,RLS: update whatsnew for 3.0.3,merged,2026-05-11T14:01:16Z,jorisvandenbossche
48,4420224458,65586,Bump github/codeql-action from 4.35.3 to 4.35.4,merged,2026-05-11T10:57:35Z,dependabot[bot]
49,4420102367,65585,BUG: fix is_monotonic_increasing/decreasing properties for ExtensionArrays,merged,2026-05-11T10:39:01Z,jorisvandenbossche
50,4418200277,65584,DOC: Update documentation for DataFrame join parameters,merged,2026-05-11T05:03:44Z,Katze2664
51,4417044639,65582,BUG: clearer error for HDFStore MultiIndex level named 'index' (GH-6208),merged,2026-05-10T22:40:40Z,jbrockmendel
52,4416568685,65579,Update link to `tzdata` documentation,merged,2026-05-10T19:16:38Z,StanFromIreland
53,4416478593,65578,BUG: clearer error for unsupported dtypes in HDFStore,merged,2026-05-10T18:38:26Z,jbrockmendel
54,4414741853,65569,CI: Update pixi.lock,merged,2026-05-10T05:24:27Z,github-actions[bot]
55,4414225570,65567,"BUG: round-trip TimedeltaIndex through to_hdf(format=""table"") (GH-21466)",merged,2026-05-10T00:37:13Z,jbrockmendel
56,4414184332,65566,BUG: support PeriodDtype values in HDFStore (GH-41978),merged,2026-05-10T00:14:37Z,jbrockmendel
57,4413954592,65565,CLN: drop removed .bool() from __bool__ ambiguous-truth message (GH-61417),merged,2026-05-09T22:02:31Z,jbrockmendel
58,4413481379,65563,DOC: document compiled regex with flags in replace (GH-32233),merged,2026-05-09T18:32:20Z,jbrockmendel
59,4413478090,65562,"BUG: clearer error for read_csv(BytesIO, memory_map=True) (GH-45630)",merged,2026-05-09T18:31:17Z,jbrockmendel
60,4413453417,65561,DOC: warn raw=True ndarray lacks .iloc/.index in Rolling/Expanding.apply (GH-38809),merged,2026-05-09T18:24:05Z,jbrockmendel
61,4413400781,65560,DOC: document infer_nrows=np.inf for read_fwf (GH-21970),merged,2026-05-09T18:07:57Z,jbrockmendel
62,4412759315,65556,TST: add test for kendall correlation with duplicates,merged,2026-05-09T14:15:26Z,Alvaro-Kothe
63,4412754593,65555,TYP: fix frame apply reduction typing,merged,2026-05-09T14:13:22Z,sun-0-set
64,4409922373,65551,BUG: fix `groupby` cumprod/cummin/cummax dropping nullable int dtype when group key has `NA`,merged,2026-05-08T22:59:14Z,gautamvarmadatla
65,4409884115,65549,TYP: annotate pandas/_config/config.py,merged,2026-05-08T22:49:43Z,jbrockmendel
66,4409832471,65548,TYP: enable mypy checking for pandas.util._decorators,merged,2026-05-08T22:38:27Z,jbrockmendel
67,4409803535,65547,TYP: annotate pandas/io/excel/_pyxlsb and drop from mypy overrides,merged,2026-05-08T22:32:31Z,jbrockmendel
68,4409800580,65546,DOC: fix relativedelta link in DateOffset See Also,merged,2026-05-08T22:31:53Z,jbrockmendel
69,4409775244,65545,DOC: clarify GroupBy.resample parameters (GH-54295),merged,2026-05-08T22:26:33Z,jbrockmendel
70,4409745468,65544,DOC: clarify read_fwf filepath_or_buffer description (GH-55790),merged,2026-05-08T22:20:09Z,jbrockmendel
71,4409700735,65543,TYP: enable mypy on pandas.compat.numpy.function,merged,2026-05-08T22:10:36Z,jbrockmendel
72,4409697150,65542,DOC: clarify result_type has no effect for ufuncs in DataFrame.apply,merged,2026-05-08T22:09:44Z,jbrockmendel
73,4409676220,65541,TYP: enable mypy checking for pandas.core.sorting,merged,2026-05-08T22:04:44Z,jbrockmendel
74,4409663321,65540,TYP: enable mypy disallow_untyped_defs for pandas.core.roperator,merged,2026-05-08T22:01:32Z,jbrockmendel
75,4409656432,65539,DOC: document Rolling.apply Series index when on= is specified,merged,2026-05-08T21:59:50Z,jbrockmendel
76,4409653485,65538,DOC: clarify ExcelWriter engine vs package names (GH-48514),merged,2026-05-08T21:59:02Z,jbrockmendel
77,4409615013,65537,TYP: enable mypy checks on pandas.core.dtypes.generic,merged,2026-05-08T21:50:59Z,jbrockmendel
78,4409596843,65535,TYP: enable mypy on core.internals.api,merged,2026-05-08T21:47:11Z,jbrockmendel
79,4409579358,65534,TYP: enable mypy checking for pandas.core.window.online,merged,2026-05-08T21:43:15Z,jbrockmendel
80,4409569568,65533,TYP: type-check pandas.core.sample,merged,2026-05-08T21:41:07Z,jbrockmendel
81,4409563088,65532,"DOC: clarify from_spmatrix converts to CSC, not COO (GH-43419)",merged,2026-05-08T21:39:38Z,jbrockmendel
82,4409534718,65531,CLN: drop stale pre-commit exclude for deleted code_style.rst,merged,2026-05-08T21:34:25Z,jbrockmendel
83,4409515992,65530,TST: DataFrame.sum(axis=1) min_count for SparseDtype columns,merged,2026-05-08T21:30:34Z,oskarseweryn
84,4407893883,65527,"DOC: drop dead redirects, generate ExtensionDtype member pages",merged,2026-05-08T16:37:50Z,jbrockmendel
85,4404414683,65522,DOC: rewrite DataFrameGroupBy.hist docstring for groupby,merged,2026-05-08T06:46:29Z,oskarseweryn
86,4403901771,65520,Backport PR #65436 on branch 3.0.x (Account for privatization of matplotlib `Formatter.locs` attribute),merged,2026-05-08T05:01:35Z,ayshih
87,4402923187,65517,"DOC: fix broken refs, math, and grammar in window user guide",merged,2026-05-08T00:48:35Z,jbrockmendel
88,4402905962,65516,DOC: fix pyenv path example in contributing_environment,merged,2026-05-08T00:44:34Z,jbrockmendel
89,4402842985,65514,DOC: refresh deprecation/version policy doc for PDEP-17,merged,2026-05-08T00:27:34Z,jbrockmendel
90,4402801988,65512,TYP: annotate OpsMixin comparison/arith/logical dunders with Self (GH-40762),merged,2026-05-08T00:18:02Z,jbrockmendel
91,4402185827,65509,TST: regression tests for Timestamp.fromisoformat tz preservation (GH-56398),merged,2026-05-07T21:37:33Z,jbrockmendel
92,4402156657,65508,BUG: to_julian_date ignored timezone (GH-54763),merged,2026-05-07T21:30:47Z,jbrockmendel
93,4402138355,65506,BUG: groupby(as_index=False).resample().agg(dict) raises (GH-52397),merged,2026-05-07T21:26:29Z,jbrockmendel
94,4401986759,65505,DOC: steer Excel docs away from deprecated xlrd/pyxlsb engines,merged,2026-05-07T21:01:25Z,jbrockmendel
95,4401872794,65504,DOC: explain why and/or/not cannot be used with pd.NA,merged,2026-05-07T20:45:18Z,jbrockmendel
96,4401866189,65503,"DOC: fix docstring typos, stale references, and broken reST",merged,2026-05-07T20:44:02Z,jbrockmendel
97,4400224795,65501,Backport PR #65499 on branch 3.0.x (BUG: fix check if pyarrow is installed in cython lib - use existing constant),merged,2026-05-07T16:10:49Z,meeseeksmachine
98,4397737499,65499,BUG: fix check if pyarrow is installed in cython lib - use existing constant,merged,2026-05-07T09:42:32Z,jorisvandenbossche
99,4397071425,65498,[backport 3.0.x] PERF: remove special casing for zoneinfo in tz_localize_to_utc (#65481),merged,2026-05-07T07:52:45Z,jorisvandenbossche
100,4397017406,65497,TST: improve pytest configuration to run tests of installed package with --pyargs,merged,2026-05-07T07:43:20Z,jorisvandenbossche
101,4396765805,65496,TYP: accept Mapping in Styler.format formatter parameter,merged,2026-05-07T06:59:27Z,janosh
102,4394644583,65493,TST: extend complex128 coverage in arithmetic and NumpyExtensionArray tests,merged,2026-05-06T21:45:08Z,jbrockmendel
103,4394554897,65492,"DOC: remove cookbook ""First Pull Request"" invitation",merged,2026-05-06T21:27:52Z,jbrockmendel
104,4394302518,65491,CLN: remove stale FIXME comments in BlockManager,merged,2026-05-06T20:43:37Z,jbrockmendel
105,4394245786,65490,Backport PR #65482 on branch 3.0.x (PERF: don't call unique on dtypes for checking if string dtype is present (select_dtypes)),merged,2026-05-06T20:33:55Z,meeseeksmachine
106,4393085146,65489,Backport PR #65410 on branch 3.0.x (TST: also convert str index to object in pyarrow->pandas conversion for infer_string=0 CI),merged,2026-05-06T16:59:55Z,meeseeksmachine
107,4391440849,65486,[backport 3.0.x] CI: lowercase types-pymysql/types-pyyaml to fix mamba 2.6.0 shard lookup (#65430),merged,2026-05-06T12:47:45Z,jorisvandenbossche
108,4391343296,65485,[backport 3.0.x] BUG: keep fsspec OpenFile alive for chained URL reads (#65470),merged,2026-05-06T12:33:14Z,jorisvandenbossche
109,4390190973,65482,PERF: don't call unique on dtypes for checking if string dtype is present (select_dtypes),merged,2026-05-06T09:21:40Z,jorisvandenbossche
110,4389999904,65481,PERF: remove special casing for zoneinfo in tz_localize_to_utc,merged,2026-05-06T08:49:38Z,jorisvandenbossche
111,4389978691,65480,Backport PR #64379 on branch 3.0.x (PERF: improve performance with ZoneInfo timezones (get internal transitions/deltas to avoid slow python path)),merged,2026-05-06T08:45:39Z,meeseeksmachine
112,4387375541,65476,TST/CLN: salvage or remove FIXME-commented-out tests,merged,2026-05-05T22:03:18Z,jbrockmendel
113,4387006153,65474,Remove Source Files From gitignore,merged,2026-05-05T20:46:43Z,Alvaro-Kothe
114,4384915554,65470,BUG: keep fsspec OpenFile alive for chained URL reads,merged,2026-05-05T14:39:33Z,jorisvandenbossche
115,4381617116,65466,DEPR: deprecate inplace keyword in the rename() method,merged,2026-05-05T04:52:29Z,tamhahn
116,4381117838,65465,TYP: typing for IndexSlice,merged,2026-05-05T02:43:36Z,Dr-Irv
117,4378065534,65464,[pre-commit.ci] pre-commit autoupdate,merged,2026-05-04T16:30:09Z,pre-commit-ci[bot]
118,4377751054,65463,CI: Update pixi.lock,merged,2026-05-04T15:29:53Z,github-actions[bot]
119,4376730801,65461,CI: add rendered diff to pixi update workflow,merged,2026-05-04T12:54:04Z,jorisvandenbossche
120,4375400121,65459,Bump github/codeql-action from 4.35.2 to 4.35.3,merged,2026-05-04T09:25:10Z,dependabot[bot]
121,4372987416,65455,CI: Clean misc workflows and files,merged,2026-05-03T21:06:59Z,mroeschke
122,4372319927,65454,DOC: add dict example for DataFrame.fillna,merged,2026-05-03T16:21:59Z,ishanvaibhav
123,4372289796,65453,BUG: use tables on ASV benchmark on non-conda environment types,merged,2026-05-03T16:10:00Z,Alvaro-Kothe
124,4372206260,65451,TST: address resolvable FIXMEs in tests,merged,2026-05-03T15:33:37Z,jbrockmendel
125,4372165000,65450,CLN: Address actionable FIXMEs in vendored ujson,merged,2026-05-03T15:16:50Z,jbrockmendel
126,4372076188,65449,BLD: Add --no-isolation to ASV Build Command,merged,2026-05-03T14:38:01Z,Alvaro-Kothe
127,4370945819,65447,CI: Update pixi.lock,merged,2026-05-03T05:21:18Z,github-actions[bot]
128,4368357986,65445,DOC: clarify PeriodIndex.is_full behavior with duplicate periods,merged,2026-05-02T07:47:58Z,vkverma9534
129,4363483212,65441,DOC: clarify missing-value handling in pandas and NumPy reductions,merged,2026-05-01T08:04:13Z,praneethhere
130,4362360644,65440,TST: regression test for to_timedelta with sub-int64 NumPy scalars (GH-56996),merged,2026-05-01T01:53:18Z,jbrockmendel
131,4362344479,65439,TST: regression test for concat with keys and mixed-freq PeriodIndex columns,merged,2026-05-01T01:47:40Z,jbrockmendel
132,4362336291,65438,BUG: Period.strftime crashes on Windows for invalid format strings,merged,2026-05-01T01:45:09Z,jbrockmendel
133,4362326349,65437,BUG: DataFrame repr raising TypeError for structured-dtype column (GH-55011),merged,2026-05-01T01:41:25Z,jbrockmendel
134,4360912786,65436,Account for privatization of matplotlib `Formatter.locs` attribute,merged,2026-04-30T20:01:27Z,ayshih
135,4360091389,65435,BUG: Timestamp with 1-3 digit BC year silently drops leading '-' (GH-55954),merged,2026-04-30T17:38:11Z,jbrockmendel
136,4360072271,65434,CLN: fill in placeholder GH refs in test comments,merged,2026-04-30T17:34:35Z,jbrockmendel
137,4359754904,65433,CI: Update pixi.lock,merged,2026-04-30T16:40:03Z,github-actions[bot]
138,4359713392,65432,"DEPR: %n directive in Period.strftime, use %N instead",merged,2026-04-30T16:33:11Z,jbrockmendel
139,4359661383,65431,BUG: restore array-level state and avoid object roundtrip in DataFrame._append_internal,merged,2026-04-30T16:24:55Z,jbrockmendel
140,4359632980,65430,CI: lowercase types-pymysql/types-pyyaml to fix mamba 2.6.0 shard lookup,merged,2026-04-30T16:20:12Z,jbrockmendel
141,4359535659,65429,REF: drop freq attribute from DTA/TDA arrays (GH-24566),merged,2026-04-30T16:06:07Z,jbrockmendel
142,4357046831,65426,DOC: fix name of Bamboo weekly author,merged,2026-04-30T09:43:53Z,jorisvandenbossche
143,4356621056,65425,Backport PR #65399 on branch 3.0.x (DOC: fix source link for classes in the reference docs),merged,2026-04-30T08:39:27Z,meeseeksmachine
144,4356543144,65424,CI: explicitly ignore .pixi/ for update workflow,merged,2026-04-30T08:27:30Z,jorisvandenbossche
145,4353926549,65422,"TST: add regression test for Timestamp(fold=..., tz=<str>) (GH-55932)",merged,2026-04-29T21:59:35Z,jbrockmendel
146,4353775497,65421,CLN: drop stale FIXME for closed pyperclip#55 in clipboard module,merged,2026-04-29T21:27:08Z,jbrockmendel
147,4353517251,65418,BUG: DataFrame.loc setitem-with-expansion preserves dtype for list-like values (GH-42099),merged,2026-04-29T20:36:27Z,jbrockmendel
148,4353512837,65417,CLN: remove dead JoinUnit._is_valid_na_for code in internals.concat,merged,2026-04-29T20:35:30Z,jbrockmendel
149,4352365802,65416,CLN: Replace stale 0.10.1 FIXME in use_dynamic_x,merged,2026-04-29T17:13:50Z,jbrockmendel
150,4351981411,65415,Backport PR #65411 on branch 3.0.x (CLN: only try to normalize pytz in index when pytz is installed),merged,2026-04-29T16:06:50Z,meeseeksmachine
151,4351113466,65413,BUG: Categorical.map with defaultdict replaces NA with NaN,merged,2026-04-29T13:57:51Z,Mahajan-Sachin
152,4350572094,65411,CLN: only try to normalize pytz in index when pytz is installed,merged,2026-04-29T12:36:40Z,jorisvandenbossche
153,4350549277,65410,TST: also convert str index to object in pyarrow->pandas conversion for infer_string=0 CI,merged,2026-04-29T12:33:07Z,jorisvandenbossche
154,4349598311,65409,PERF: skip to_datetime cache=True overhead for no-help input shapes (GH#65380),merged,2026-04-29T10:05:35Z,arzaan789
155,4348783872,65407,[backport 3.0.x] BUG: prevent using numexpr 2.10 with newer numpy to avoid silent wrong results (#65400),merged,2026-04-29T07:51:07Z,jorisvandenbossche
156,4348776238,65406,[backport 3.0.x] Parquet IO: also use zoneinfo timezones by default even when pyarrow uses pytz (#65134),merged,2026-04-29T07:49:38Z,jorisvandenbossche
157,4347115250,65405,DOC: Remove old tutorials,merged,2026-04-29T00:35:03Z,rhshadrach
158,4346999784,65404,Backport PR #65403 on branch 3.0.x (CI: pin pyodide-build to fix venv pip wrapper crash),merged,2026-04-28T23:57:15Z,meeseeksmachine
159,4345315263,65403,CI: pin pyodide-build to fix venv pip wrapper crash,merged,2026-04-28T18:18:16Z,jbrockmendel
160,4345163465,65402,TST: assert pyarrow's quoting ValueError instead of xfailing,merged,2026-04-28T17:49:38Z,jbrockmendel
161,4344227197,65401,"Backport PR #65147 on branch 3.0.x (BUG: fix `str.replace("""", ..)` with empty pattern hanging when using pyarrow)",merged,2026-04-28T15:12:39Z,meeseeksmachine
162,4344218553,65400,BUG: prevent using numexpr 2.10 with newer numpy to avoid silent wrong results,merged,2026-04-28T15:11:12Z,jorisvandenbossche
163,4344106982,65399,DOC: fix source link for classes in the reference docs,merged,2026-04-28T14:53:48Z,jorisvandenbossche
164,4343671649,65398,[backport 3.0.x] CI: fix numpy nightly DeprecationWarning for generic-unit datetime64/timedelta64 (#65340),merged,2026-04-28T13:50:16Z,jorisvandenbossche
165,4343540715,65397,"[backport 3.0.x] BUG: fix ""1 ,"" converting to 1 by `read_csv` c engine with thousands separator (#64631)",merged,2026-04-28T13:31:08Z,jorisvandenbossche
166,4341244241,65396,Bug/57962 loc iterable assignment,merged,2026-04-28T07:06:57Z,mapanahi
167,4340373381,65395,PERF: speed up to_offset string parsing,merged,2026-04-28T03:25:29Z,jbrockmendel
168,4340351445,65394,CLN: drop stale FIXME in ObjectStringArrayMixin._str_map,merged,2026-04-28T03:19:19Z,jbrockmendel
169,4340297321,65392,CLN: remove stale cython3 conditional-nogil TODO in rank_sorted_1d,merged,2026-04-28T03:05:28Z,jbrockmendel
170,4340294587,65391,BUG: infer_dtype treats pd.NA as a generic null in TemporalValidator,merged,2026-04-28T03:04:54Z,jbrockmendel
171,4340287192,65390,CLN: remove _offset_map cache in offsets.pyx,merged,2026-04-28T03:03:12Z,jbrockmendel
172,4340240655,65388,PERF: Speed up Timedelta.total_seconds,merged,2026-04-28T02:51:59Z,jbrockmendel
173,4340210410,65387,CLN: point cython3 TODOs at upstream cython#2485,merged,2026-04-28T02:45:10Z,jbrockmendel
174,4340116927,65385,"DOC: drop stale ""experimental"" notes and fix tab-completion list",merged,2026-04-28T02:19:55Z,jbrockmendel
175,4340064567,65383,TYP: tighten Timestamp/Timedelta round/floor/ceil return types,merged,2026-04-28T02:07:15Z,jbrockmendel
176,4336886283,65379,CI: allow running update-pixi-lock workflow on demand,merged,2026-04-27T15:26:11Z,jorisvandenbossche
177,4334484285,65376,Bump scientific-python/upload-nightly-action from 0.6.3 to 0.6.4,merged,2026-04-27T09:05:15Z,dependabot[bot]
178,4332739057,65374,DOC: Add Pandas Workout book and Bamboo Weekly,merged,2026-04-27T02:33:17Z,rhshadrach
179,4330957458,65371,"DOC: fix to_numeric docstring - add Index/scalar return types, fix dtype_backend description",merged,2026-04-26T13:20:35Z,Nikhil-jaiswal007
180,4325660506,65363,PERF: speed up read_sas for full-precision numeric columns,merged,2026-04-24T21:22:16Z,jbrockmendel
181,4323411510,65360,BUG: Fix df.query() with 'in' operator and column references (#65357),merged,2026-04-24T13:57:29Z,harrywzl
182,4323205219,65359,CI: fix pixi.lock update workflow to handle PyPI deps,merged,2026-04-24T13:24:00Z,jorisvandenbossche
183,4321647138,65356,BUG: regression in bdate_range for end on weekend,merged,2026-04-24T08:26:45Z,jorisvandenbossche
184,4320039675,65354,DEPR: followup warn on .at setitem when a new column expands the frame,merged,2026-04-24T02:10:37Z,jbrockmendel
185,4317575342,65348,Backport PR #65346 on branch 3.0.x (CI: avoid pyarrow 25.0 for typing),merged,2026-04-23T17:06:45Z,meeseeksmachine
186,4317014652,65346,CI: avoid pyarrow 25.0 for typing,merged,2026-04-23T15:19:54Z,jorisvandenbossche
187,4314309778,65344,DOC: clarify tz_localize does not alter date/time representation (#55955),merged,2026-04-23T07:34:20Z,oskarseweryn
188,4313270325,65342,BUG: fix Series.combine_first crash when names are Timestamps (#65333),merged,2026-04-23T03:24:49Z,Vincent08199
189,4312097875,65341,DOC: document TextFileReader in the API reference,merged,2026-04-22T22:04:22Z,jbrockmendel
190,4312095984,65340,CI: fix numpy nightly DeprecationWarning for generic-unit datetime64/timedelta64,merged,2026-04-22T22:03:52Z,jbrockmendel
191,4312094316,65339,DOC: clarify resolution-dependence of Timestamp/Timedelta min/max/resolution,merged,2026-04-22T22:03:23Z,jbrockmendel
192,4312066184,65338,DOC: clarify that read_hdf only reads pandas-written HDF5 files,merged,2026-04-22T21:55:43Z,jbrockmendel
193,4311920469,65337,PERF: avoid dtype.name in DataFrame block grouping,merged,2026-04-22T21:18:58Z,jbrockmendel
194,4310559361,65335,ENH: Suggest alternative package managers in optional dependency error,merged,2026-04-22T16:54:48Z,sh4dzilla
195,4310277156,65334,[backport 3.0.x] REGR: restore rank() for ExtensionArrays with custom values for sorting (#64976),merged,2026-04-22T16:03:07Z,jorisvandenbossche
196,4307862245,65332,"BUG: fix empty groupby(..., as_index=False).apply(...) index name inconsistency",merged,2026-04-22T08:56:08Z,Ashish-ml-eng
197,4307425805,65331,CI: make wheel builds compilation more verbose,merged,2026-04-22T07:32:08Z,jorisvandenbossche
198,4305900938,65325,DOC: fix grammar in the .dt accessor section,merged,2026-04-21T23:48:23Z,harrywzl
199,4305888912,65323,DOC:Missing r in your,merged,2026-04-21T23:44:03Z,harrywzl
200,4305710260,65322,REF: relocate _freq storage from DTA/TDA arrays to Index (GH#24566),merged,2026-04-21T22:49:21Z,jbrockmendel
201,4303807513,65319,[backport 3.0.x] BUG: fix FloatingArray.astype(str) crash with distinguish_nan_and_na=True (#65038),merged,2026-04-21T15:55:48Z,jorisvandenbossche
202,4301622713,65318,BUG/TST: add test for _cast_pointwise_result robustness + fix some cases,merged,2026-04-21T09:26:56Z,jorisvandenbossche
203,4299900558,65316,BUG: Preserve nullable index dtype in `_transform_index`,merged,2026-04-21T02:30:23Z,gautamvarmadatla
204,4298686384,65313,[backport 3.0.x] BUG: fix to_timedelta ignoring unit for mixed round/non-round floats (#65170),merged,2026-04-20T21:02:10Z,jbrockmendel
205,4294378239,65310,Bump github/codeql-action from 4.35.1 to 4.35.2,merged,2026-04-20T08:51:05Z,dependabot[bot]
206,4294376255,65309,Bump actions/setup-node from 6.3.0 to 6.4.0,merged,2026-04-20T08:50:46Z,dependabot[bot]
207,4291871144,65302,PERF: preserve block memory layout in Block.copy (GH#60469),merged,2026-04-19T20:00:33Z,jbrockmendel
208,4291820320,65301,BUG: pivot_table margins with EA dtype that cannot hold NA (GH#55484),merged,2026-04-19T19:38:52Z,jbrockmendel
209,4291674773,65300,CI: Run code checks with Pixi,merged,2026-04-19T18:36:41Z,mroeschke
210,4291323016,65297,REF: remove redundant BaseMaskedArray.map override,merged,2026-04-19T15:56:41Z,jbrockmendel
211,4291233456,65295,PERF: unroll take_1d/take_2d inner loops with contig fast path,merged,2026-04-19T15:17:48Z,jbrockmendel
212,4289740205,65288,BUG: Fix formatters applied to wrong columns in truncated DataFrame.to_string (GH#35410),merged,2026-04-19T02:32:22Z,tinezivic
213,4289595046,65285,REF: continue moving freq management off DatetimeArray/TimedeltaArray (GH#24566),merged,2026-04-19T00:49:23Z,jbrockmendel
214,4289223141,65281,CI: Ensure PANDAS_VERSION is set in docbuild workflow,merged,2026-04-18T21:28:45Z,mroeschke
215,4288848250,65279,PERF: short-circuit sort_index(level=...) on monotonic non-MultiIndex,merged,2026-04-18T18:33:18Z,jbrockmendel
216,4288669223,65276,"REF: remove DatetimeArray._with_freq, further freq management cleanup (GH#24566)",merged,2026-04-18T17:12:53Z,jbrockmendel
217,4285650447,65273,BUG: fix segfault in Rolling method='table' sum/mean/median/min/max,merged,2026-04-17T22:27:30Z,jbrockmendel
218,4283715450,65271,CLN: too-verbose claude comments and whatsnew entries,merged,2026-04-17T15:35:37Z,jbrockmendel
219,4279508527,65268,BUG: Index.take respects fill_value and allows fills on integer dtypes,merged,2026-04-17T01:18:41Z,jbrockmendel
220,4278605723,65266,REF: move more freq management from DatetimeArray/TimedeltaArray to Index (GH#24566),merged,2026-04-16T21:23:52Z,jbrockmendel
221,4278427719,65265,REF: Index.where/putmask delegate to Series.where,merged,2026-04-16T20:43:44Z,jbrockmendel
222,4278397342,65264,BUG: fix loc setitem with list of tuples on object-dtype column,merged,2026-04-16T20:37:12Z,jbrockmendel
223,4278083598,65262,Backport PR #65255 on branch 3.0.x (BUG: fix addition of ArrowDtype with string vs large_large types),merged,2026-04-16T19:35:44Z,meeseeksmachine
224,4276207534,65261,[3.0.x] CI: fix test_dataframe_to_sql_empty for non-infer_string and newer adbc,merged,2026-04-16T13:57:24Z,jorisvandenbossche
225,4275971307,65260,[backport 3.0.x] BUG: read parquet files with older pytz (DEP: keep lower pytz minimum version) (#65133),merged,2026-04-16T13:17:47Z,jorisvandenbossche
226,4275944213,65259,Backport PR #65228 on branch 3.0.x (CI: set PKG_CONFIG_PATH to fix broken system Python headers),merged,2026-04-16T13:12:51Z,meeseeksmachine
227,4275933437,65258,DOC: move misplaced whatsnew note for GH-64836,merged,2026-04-16T13:10:50Z,jorisvandenbossche
228,4275910021,65257,[backport 3.0.x] CI: Fix numpy nightly build (#65197),merged,2026-04-16T13:06:28Z,jorisvandenbossche
229,4275871902,65256,Backport PR #64988 on branch 3.0.x (BUG: Fix pyarrow-backed string dtype addition with missing values),merged,2026-04-16T12:59:31Z,meeseeksmachine
230,4275829828,65255,BUG: fix addition of ArrowDtype with string vs large_large types,merged,2026-04-16T12:51:55Z,jorisvandenbossche
231,4265290812,65244,BUG: fix use-after-free in PyObjectHashTable,merged,2026-04-14T23:23:19Z,jbrockmendel
232,4265140293,65241,BUG: DataFrame.loc setitem with list-like value on single-column EA DataFrame,merged,2026-04-14T22:44:22Z,jbrockmendel
233,4265122009,65239,BUG: fix .loc with tuple key on MultiIndex with IntervalIndex level,merged,2026-04-14T22:40:22Z,jbrockmendel
234,4265023938,65235,BUG: DataFrame.loc setitem expands index when no columns,merged,2026-04-14T22:15:27Z,jbrockmendel
235,4265023937,65234,BUG: MultiIndex.get_loc returns scalar for unique key in non-unique index,merged,2026-04-14T22:15:27Z,jbrockmendel
236,4264994493,65233,REF: stop DatetimeArray/TimedeltaArray methods from reading self.freq,merged,2026-04-14T22:07:47Z,jbrockmendel
237,4264985227,65232,TST: add tests for .loc setitem with non-unique string index,merged,2026-04-14T22:05:16Z,jbrockmendel
238,4264951821,65230,BUG: MultiIndex.loc raises KeyError for string keys on numeric levels,merged,2026-04-14T21:56:22Z,jbrockmendel
239,4264940651,65229,BUG: DataFrame.loc preserves original index name when key is an Index,merged,2026-04-14T21:53:26Z,jbrockmendel
240,4264928347,65228,CI: set PKG_CONFIG_PATH to fix broken system Python headers,merged,2026-04-14T21:50:19Z,jbrockmendel
241,4263746237,65225,REF: consolidate _constructor_sliced_from_mgr call sites into _ixs,merged,2026-04-14T17:32:12Z,jbrockmendel
242,4263727017,65224,TST: add test for .at with incompatible Decimal type,merged,2026-04-14T17:28:16Z,jbrockmendel
243,4263199860,65221,BUG: DataFrame.at raises TypeError with partial date string on MultiIndex,merged,2026-04-14T15:43:07Z,jbrockmendel
244,4258554679,65219,BUG: `DataFrame.agg` with list-like funcs reintroduces filtered columns as `NaN` with `numeric_only=True`,merged,2026-04-13T23:49:54Z,gautamvarmadatla
245,4258373225,65217,BUG: DataFrame.duplicated() loses index when DataFrame has no columns,merged,2026-04-13T23:00:00Z,jbrockmendel
246,4258302000,65216,BLD: remove deprecated option cpython-freethreading,merged,2026-04-13T22:39:41Z,Alvaro-Kothe
247,4257171631,65214,TYP: fix mypy errors in get_values_for_csv,merged,2026-04-13T18:54:37Z,jbrockmendel
248,4256851028,65211,PERF: reduce per-group overhead in groupby.agg with UDFs,merged,2026-04-13T17:55:26Z,jbrockmendel
249,4256462262,65209,REF: stop DatetimeArray methods from reading self.freq,merged,2026-04-13T16:41:24Z,jbrockmendel
250,4255636459,65208,BUG: loc setitem with duplicate columns and new columns corrupts Data…,merged,2026-04-13T14:29:10Z,roeimed0
251,4252685828,65207,Bump peter-evans/create-pull-request from 8.1.0 to 8.1.1,merged,2026-04-13T08:33:03Z,dependabot[bot]
252,4252685134,65206,Bump pypa/gh-action-pypi-publish from 1.13.0 to 1.14.0,merged,2026-04-13T08:32:59Z,dependabot[bot]
253,4252684799,65204,Bump mymindstorm/setup-emsdk from 15 to 16,merged,2026-04-13T08:32:56Z,dependabot[bot]
254,4252683529,65203,Bump actions/upload-artifact from 7.0.0 to 7.0.1,merged,2026-04-13T08:32:46Z,dependabot[bot]
255,4252683052,65202,Bump actions/github-script from 8.0.0 to 9.0.0,merged,2026-04-13T08:32:41Z,dependabot[bot]
256,4251289498,65201,Backport PR #64836 on branch 3.0.x (BUG: Timedelta.round() raises ZeroDivisionError when internal unit is 's' and target frequency is sub-second),merged,2026-04-13T04:35:20Z,kjmin622
257,4250384675,65199,PERF: pass how=left to _factorize_keys in _left_join_on_index (#65160),merged,2026-04-13T00:05:59Z,iabhi4
258,4249744238,65198,REF: merge PeriodArray branch in get_values_for_csv,merged,2026-04-12T19:55:22Z,jbrockmendel
259,4249634054,65197,CI: Fix numpy nightly build,merged,2026-04-12T19:31:23Z,jbrockmendel
260,4249535112,65196,CI: Add contents:write permission to relock workflow; relock,merged,2026-04-12T19:04:14Z,mroeschke
261,4248548031,65193,REF: move freq computation from TimedeltaArray arithmetic to TimedeltaIndex,merged,2026-04-12T15:13:35Z,jbrockmendel
262,4248525796,65192,PERF: short-circuit array_equivalent and equals comparisons,merged,2026-04-12T15:08:44Z,jbrockmendel
263,4248510644,65191,REF: stop array from propagating freq in core operations,merged,2026-04-12T15:05:14Z,jbrockmendel
264,4246167047,65188,BUG: IntervalArray/IntervalIndex constructors upcast sub-64-bit dtypes,merged,2026-04-12T01:26:58Z,jbrockmendel
265,4246076519,65186,BUG: fix TimedeltaIndex.resolution raising when freq is not set,merged,2026-04-12T00:19:03Z,jbrockmendel
266,4246018333,65185,"REF: move resolution, resolution_obj from arrays to indexes",merged,2026-04-11T23:36:12Z,jbrockmendel
267,4246015271,65184,REF: Move _get_arithmetic_result_freq from array to Index,merged,2026-04-11T23:33:52Z,jbrockmendel
268,4245963248,65182,REF: Move freq-based factorize short-circuit from array to Index,merged,2026-04-11T22:55:57Z,jbrockmendel
269,4245951803,65180,PERF: fix regression in NumericSeriesIndexing.time_loc_array,merged,2026-04-11T22:49:12Z,jbrockmendel
270,4245885802,65179,TST: add _honors_copy_keyword to extension test base class,merged,2026-04-11T22:06:41Z,jbrockmendel
271,4245549247,65177,TST: add mixed-int-string Index to conftest fixtures,merged,2026-04-11T19:07:04Z,jbrockmendel
272,4245542363,65176,PERF: restore libjoin fastpath for CategoricalIndex intersection/union,merged,2026-04-11T19:03:13Z,jbrockmendel
273,4245533804,65175,REF: remove GeoDataFrame shim in _constructor_from_mgr,merged,2026-04-11T18:58:18Z,jbrockmendel
274,4245528765,65174,REF: IntervalArray _validate_setitem_value delegates to _validate_scalar,merged,2026-04-11T18:55:28Z,jbrockmendel
275,4245493144,65171,REF: remove _Datetime64TZFormatter in favor of _Datetime64Formatter,merged,2026-04-11T18:37:15Z,jbrockmendel
276,4245476946,65170,BUG: fix to_timedelta ignoring unit for mixed round/non-round floats,merged,2026-04-11T18:28:42Z,jbrockmendel
277,4245449593,65168,BUG: Timedelta kwargs fall back to coarser resolution on overflow,merged,2026-04-11T18:14:01Z,jbrockmendel
278,4245363893,65167,CI: Add repo flag to GHA cache cleaup workflow,merged,2026-04-11T17:40:03Z,mroeschke
279,4245251844,65166,Backport PR #64294 on branch 3.0.x (TST: mark test_dt64arr_cmp_arraylike_invalid[tzlocal] xfail on Windows),merged,2026-04-11T17:01:17Z,meeseeksmachine
280,4245062099,65165,PERF: Use optimized take path for non-nanosecond datetime64/timedelta64,merged,2026-04-11T15:52:10Z,jbrockmendel
281,4242371998,65162,REF: Remove TimedeltaArray._from_sequence_not_strict,merged,2026-04-11T00:47:09Z,jbrockmendel
282,4242344961,65161,REF: remove unused nat_rep parameter from datetime/timedelta formatters,merged,2026-04-11T00:35:32Z,jbrockmendel
283,4241756167,65158,"REF: consolidate __iter__ into TimelikeOps, standardize _validate_setitem_value",merged,2026-04-10T21:12:45Z,jbrockmendel
284,4241164517,65157,BUG: raise clear TypeError for ExtensionArray.fillna with dict value,merged,2026-04-10T18:56:31Z,jbrockmendel
285,4241128094,65156,BUG: Series.transform now raises SpecificationError for duplicate function names (GH#54929),merged,2026-04-10T18:48:16Z,galsakuri
286,4241070815,65155,DOC: clarify unit parameter in to_datetime docstring,merged,2026-04-10T18:36:45Z,jbrockmendel
287,4241000374,65154,DOC: improve MultiIndex.is_monotonic_increasing/decreasing docstrings,merged,2026-04-10T18:22:31Z,jbrockmendel
288,4240571345,65153,"CLN: ASV config, use rattler for environment solving",merged,2026-04-10T16:53:46Z,mroeschke
289,4239226683,65149,DOC: clarify bool vs int behavior in object-dtype for factorize and unique,merged,2026-04-10T12:44:56Z,123Alissaa
290,4238643390,65148,CLN: Update groupby observed defaults,merged,2026-04-10T11:00:54Z,rhshadrach
291,4237385505,65147,"BUG: fix `str.replace("""", ..)` with empty pattern hanging when using pyarrow",merged,2026-04-10T07:28:13Z,kjmin622
292,4236631208,65146,CLN: Replace no_default signature with False for allow_duplicates in insert and reset_index,merged,2026-04-10T04:45:16Z,tianlangqin
293,4235571550,65144,DOC: update GroupBy.sum/min/max See Also sections,merged,2026-04-09T23:54:11Z,jbrockmendel
294,4235560265,65143,DOC: document required external libraries in read_* I/O docstrings,merged,2026-04-09T23:50:42Z,jbrockmendel
295,4235557980,65142,DOC: note that DataFrame.values is not writeable,merged,2026-04-09T23:49:54Z,jbrockmendel
296,4235370895,65141,BUG : update `SeriesGroupBy.ohlc()` to honor `as_index=False`,merged,2026-04-09T22:56:07Z,gautamvarmadatla
297,4234689649,65139,Backport PR #65137 on branch 3.0.x (DOC: update pytz/zoneinfo section in the 3.0.0 whatsnew notes),merged,2026-04-09T20:17:31Z,meeseeksmachine
298,4233691662,65138,DOC: Remove references to 'good first issue',merged,2026-04-09T16:46:48Z,mroeschke
299,4233548446,65137,DOC: update pytz/zoneinfo section in the 3.0.0 whatsnew notes,merged,2026-04-09T16:17:16Z,jorisvandenbossche
300,4232833457,65134,Parquet IO: also use zoneinfo timezones by default even when pyarrow uses pytz,merged,2026-04-09T14:09:16Z,jorisvandenbossche
301,4231037794,65133,BUG: read parquet files with older pytz (DEP: keep lower pytz minimum version),merged,2026-04-09T09:20:10Z,jorisvandenbossche
302,4230572250,65132,BLD: ensure to include subprojects (fast_float) in source distributions,merged,2026-04-09T08:04:59Z,jorisvandenbossche
303,4230458325,65131,BUG: Raise ValueError for non-boolean numeric_only in DataFrame/Series reductions (GH#53098),merged,2026-04-09T07:47:45Z,galsakuri
304,4229234264,65130,DOC: Replace XXX with Note in the code comments,merged,2026-04-09T03:35:48Z,star1327p
305,4228680299,65129,DOC: Fix non-standard default value formatting in Grouper docstring,merged,2026-04-09T01:03:22Z,Vincent08199
306,4228052431,65128,CLN: Import _global_config as config,merged,2026-04-08T22:20:40Z,rhshadrach
307,4225482816,65125,DOC: clarify hash_pandas_object index behavior with examples,merged,2026-04-08T14:59:07Z,jbrockmendel
308,4225479307,65124,DOC: clarify that tz_localize(ambiguous='infer') requires monotonic timestamps,merged,2026-04-08T14:58:37Z,jbrockmendel
309,4225474972,65123,DOC: clarify that ExtensionArray.take does not support scalar indices,merged,2026-04-08T14:57:59Z,jbrockmendel
310,4216288105,65110,DOC: improve cheatsheet README wording,merged,2026-04-07T07:57:15Z,mrinal97-tech
311,4214286314,65107,PERF: skip redundant take_nd in _Unstacker when indexer is identity,merged,2026-04-06T21:59:06Z,jbrockmendel
312,4214230729,65105,PERF: avoid transpose for axis=1 reductions on multi-block DataFrames,merged,2026-04-06T21:44:19Z,jbrockmendel
313,4214228459,65104,PERF: use PyArrow compute for month_name/day_name with string dtype,merged,2026-04-06T21:43:44Z,jbrockmendel
314,4214157116,65103,PERF: use ufunc.reduceat for sorted groupby aggregations,merged,2026-04-06T21:25:16Z,jbrockmendel
315,4213700887,65101, BUG: `GroupBy.any()`/`all()` returns `NaN` for unobserved categorical groups on bool dtype,merged,2026-04-06T19:38:32Z,gautamvarmadatla
316,4213560382,65099,ENH: Add replace method to Index (closes #19495),merged,2026-04-06T19:09:22Z,berasaikat
317,4213102564,65095,check dtype kind before monotonic/unique in _maybe_promote_to_rangeindex,merged,2026-04-06T17:37:24Z,gautamvarmadatla
318,4213073353,65094,PERF: remove redundant per-column casting loop in _append_internal,merged,2026-04-06T17:31:31Z,jbrockmendel
319,4212787034,65090,[pre-commit.ci] pre-commit autoupdate,merged,2026-04-06T16:30:53Z,pre-commit-ci[bot]
320,4212758061,65089,CI: Move permissions block in pixi lock workflow up to job id,merged,2026-04-06T16:23:49Z,mroeschke
321,4210494671,65088,Bump prefix-dev/setup-pixi from 0.9.4 to 0.9.5,merged,2026-04-06T08:21:07Z,dependabot[bot]
322,4210494194,65087,Bump pypa/cibuildwheel from 3.4.0 to 3.4.1,merged,2026-04-06T08:21:02Z,dependabot[bot]
323,4210493632,65086,Bump mymindstorm/setup-emsdk from 14 to 15,merged,2026-04-06T08:20:54Z,dependabot[bot]
324,4208324682,65084,CI: Allow relock workflow to write pull requests,merged,2026-04-05T18:48:20Z,mroeschke
325,4205831712,65075,CI: Build documentation using pixi,merged,2026-04-04T21:19:58Z,mroeschke
326,4205564131,65074,CI: Run ASV benchmark test with pixi,merged,2026-04-04T18:39:42Z,mroeschke
327,4205515229,65073,CLN: Remove TRACE macro in tokenizer,merged,2026-04-04T18:14:20Z,mroeschke
328,4205300516,65070,DOC: fix typo in timeseries documentation (ns -> us),merged,2026-04-04T16:31:35Z,csz022
329,4202865216,65061,TST: Add regression test for to_csv with utf-16 encoding,merged,2026-04-04T01:17:28Z,jbrockmendel
330,4202845320,65060,TST: Add regression test for read_csv memory_map with multi-char sep,merged,2026-04-04T01:07:50Z,jbrockmendel
331,4202826450,65059,TST: Add regression test for read_csv escapechar round-trip,merged,2026-04-04T00:59:13Z,jbrockmendel
332,4202825951,65058,TST: Add roundtrip regression test for to_csv with embedded newlines,merged,2026-04-04T00:58:50Z,jbrockmendel
333,4202759795,65057,BUG: use uint64_t instead of size_t for row counts in CSV parser,merged,2026-04-04T00:33:38Z,jbrockmendel
334,4202729396,65056,DEPR: deprecate inference of datetime.date objects as datetime64,merged,2026-04-04T00:25:23Z,jbrockmendel
335,4201404271,65054,PERF: minor optimizations in _libs.algos,merged,2026-04-03T17:07:26Z,jbrockmendel
336,4199339776,65048,CLN: remove unnecessary usage of option_context with future.infer_string in tests,merged,2026-04-03T08:55:28Z,jorisvandenbossche
337,4198065236,65046,PERF: add no_nans fast path in nancorr,merged,2026-04-03T03:26:15Z,jbrockmendel
338,4197347566,65042,PERF: avoid redundant category re-validation in Categorical._simple_new,merged,2026-04-02T22:49:29Z,jbrockmendel
339,4197262177,65041,BUG: fix numpy ufuncs (e.g. np.isnan) raising TypeError on pyarrow dtypes with distinguish_nan_and_na enabled,merged,2026-04-02T22:22:32Z,jbrockmendel
340,4197260578,65039,DOC: perf impact of to_numpy() defaulting to object dtype for tz-aware datetime,merged,2026-04-02T22:21:55Z,jbrockmendel
341,4197260081,65038,BUG: fix FloatingArray.astype(str) crash with distinguish_nan_and_na=True,merged,2026-04-02T22:21:43Z,jbrockmendel
342,4197190697,65036,CLN: remove using_cow parameter from _iLocIndexer._align_series,merged,2026-04-02T21:59:34Z,jbrockmendel
343,4196952739,65033,CI: Bump Pixi version and relock,merged,2026-04-02T20:58:54Z,mroeschke
344,4196944030,65032,DOC: clarify object-dtype ndarray inference in Index and Series,merged,2026-04-02T20:56:53Z,sdejhgfu
345,4196241588,65031,PERF: Use DataFrame-level reductions in DataFrame.agg with list of funcs,merged,2026-04-02T18:25:36Z,jbrockmendel
346,4195876526,65030,PERF: speed up Index._engine construction,merged,2026-04-02T17:10:14Z,jbrockmendel
347,4195819526,65028,PERF: avoid expensive DataFrame snapshot in loc.__setitem__,merged,2026-04-02T16:57:51Z,jbrockmendel
348,4195814482,65027,PERF: restore hash table pre-allocation in value_count,merged,2026-04-02T16:56:50Z,jbrockmendel
349,4195781480,65026,PERF: restore kh_get before kh_put in hashtable operations,merged,2026-04-02T16:49:29Z,jbrockmendel
350,4195660280,65025,CLN: py2 leftover comments mostly,merged,2026-04-02T16:22:54Z,jbrockmendel
351,4195605238,65024,BUG: Categorical repr values line now respects display.width,merged,2026-04-02T16:12:49Z,jbrockmendel
352,4195587857,65023,Backport PR #64993 on branch 3.0.x (CI: Fix numpy nightly failures from generic timedelta64 deprecation),merged,2026-04-02T16:10:09Z,meeseeksmachine
353,4195585778,65022,BUG: Index repr attributes now wrap to respect display.width,merged,2026-04-02T16:09:53Z,jbrockmendel
354,4195551463,65021,TST: add tests for DataFrame indexing with DateOffset columns,merged,2026-04-02T16:03:39Z,jbrockmendel
355,4195530031,65019,TST: Add regression test for concat with tz_convert MonthStart index,merged,2026-04-02T15:59:29Z,jbrockmendel
356,4195376589,65016,PERF: fix O(n) linear scan in _bin_search for ObjectEngine.get_loc,merged,2026-04-02T15:29:42Z,jbrockmendel
357,4195320077,65014,"BUG: date_range with start==end and inclusive=""left""/""right"" returns empty",merged,2026-04-02T15:20:31Z,jbrockmendel
358,4195307915,65012,BUG: DatetimeIndex constructor raises for equivalent freqs,merged,2026-04-02T15:18:37Z,jbrockmendel
359,4195306193,65011,BUG: date_range with periods=1 raises for offsets that disallow n=0,merged,2026-04-02T15:18:18Z,jbrockmendel
360,4195292992,65009,BUG: Fix AssertionError in replace with out-of-bounds datetime,merged,2026-04-02T15:16:19Z,jbrockmendel
361,4195286664,65007,DOC: Document ambiguous and nonexistent params in date_range,merged,2026-04-02T15:15:26Z,jbrockmendel
362,4195243435,65006,PERF: avoid data copy in DataFrame.drop for non-contiguous columns,merged,2026-04-02T15:08:45Z,jbrockmendel
363,4195236419,65005,PERF: avoid redundant isna in NumpyExtensionArray.to_numpy,merged,2026-04-02T15:07:44Z,jbrockmendel
364,4194705713,65004,DEV: remove unused tooling/debug Docker directory,merged,2026-04-02T13:43:42Z,AKSHAY355-a
365,4191675435,64998,DOC: clarify Series index alignment behavior in DataFrame.assign,merged,2026-04-02T05:06:02Z,rustamali9183
366,4189559413,64993,CI: Fix numpy nightly failures from generic timedelta64 deprecation,merged,2026-04-01T20:04:11Z,jbrockmendel
367,4189423615,64992,TST: add test for display.precision with float in object index,merged,2026-04-01T19:37:57Z,jbrockmendel
368,4189388226,64991,PERF: add nogil and cdivision declarations in _libs.algos,merged,2026-04-01T19:29:59Z,jbrockmendel
369,4188719151,64989,DOC: Fix observed default value in pivot_table docstring,merged,2026-04-01T17:36:40Z,Vincent08199
370,4188308586,64988,BUG: Fix pyarrow-backed string dtype addition with missing values,merged,2026-04-01T16:37:52Z,Abineshabee
371,4188101523,64987,CI: Don't gh auth when trying to clean caches,merged,2026-04-01T16:06:59Z,mroeschke
372,4187733990,64986,API/DOC: remove iterability requirement for file-like object + clarify requirements in IO docstrings,merged,2026-04-01T15:14:08Z,jbrockmendel
373,4187733747,64985,DOC: note optional dependencies for remote URL schemes in read_* docstrings,merged,2026-04-01T15:14:06Z,jbrockmendel
374,4187733613,64984,"DOC: remove stale ""if level specified"" from reduction docstrings",merged,2026-04-01T15:14:05Z,jbrockmendel
375,4187733415,64983,DOC: clarify eval/query performance guidance (GH#35367),merged,2026-04-01T15:14:03Z,jbrockmendel
376,4187729451,64982,DOC: document silent integer overflow in gotchas page,merged,2026-04-01T15:13:31Z,jbrockmendel
377,4187713594,64981,DOC: clarify NDFrame.get returns default when any list key is missing,merged,2026-04-01T15:11:31Z,jbrockmendel
378,4184964075,64976,REGR: restore rank() for ExtensionArrays with custom values for sorting,merged,2026-04-01T07:59:25Z,jorisvandenbossche
379,4184747716,64975,DOC: move 3.1 whatsnew to its own section in index.rst,merged,2026-04-01T07:18:53Z,jorisvandenbossche
380,4184734371,64974,[backport 3.0.x] DOC: start 3.0.3 whatsnew notes (#64942),merged,2026-04-01T07:16:18Z,jorisvandenbossche
381,4182244845,64972,BUG: fix DataFrame repr exceeding terminal width after horizontal truncation,merged,2026-03-31T20:46:02Z,jbrockmendel
382,4181998125,64971,DOC: Note that groupby column becomes the index in 10min tutorial,merged,2026-03-31T20:04:31Z,jbrockmendel
383,4181986933,64970,ENH: Support f-string formatting for Period objects,merged,2026-03-31T20:02:27Z,jbrockmendel
384,4181408968,64967,DOC: remove stale references to removed parse_dates modes in io.rst,merged,2026-03-31T18:28:36Z,jbrockmendel
385,4181319796,64965,DOC: Remove dateutil and scipy intersphinx mappings,merged,2026-03-31T18:12:49Z,mroeschke
386,4180734295,64964,TST: add test for comma-separated fractional seconds in Timestamp,merged,2026-03-31T16:48:39Z,jbrockmendel
387,4180688639,64963,TST: add regression test for datetime64 column index parquet roundtrip,merged,2026-03-31T16:41:25Z,jbrockmendel
388,4180635689,64961,"TST: add test for shift(freq=""infer"") with float-converted DatetimeIndex",merged,2026-03-31T16:32:50Z,jbrockmendel
389,4180628026,64960,DOC: clarify pickle compatibility is only within major versions,merged,2026-03-31T16:31:37Z,jbrockmendel
390,4180330751,64958,ENH: DataFrame(list_of_arrays) preserves uniform dtype,merged,2026-03-31T15:49:23Z,jbrockmendel
391,4180322537,64957,BUG: Index.fillna with tuple fill value,merged,2026-03-31T15:48:18Z,jbrockmendel
392,4180310206,64956,BUG: pd.array raises IntCastingNaNError for float-with-NaN to integer dtype,merged,2026-03-31T15:46:35Z,jbrockmendel
393,4180304777,64955,"BUG: SparseArray.astype(""Sparse[int64]"") silently replaced NaT fill_value with 0",merged,2026-03-31T15:45:47Z,jbrockmendel
394,4180270754,64953,BUG: DatetimeIndex._is_comparable_dtype raises AttributeError on Arrow date types,merged,2026-03-31T15:40:40Z,jbrockmendel
395,4180269470,64952,BUG: NumpyExtensionArray._validate_setitem_value fails to raise for incompatible values,merged,2026-03-31T15:40:30Z,jbrockmendel
396,4180265487,64951,BUG: fix CategoricalIndex.union/intersection with mismatched category order,merged,2026-03-31T15:39:52Z,jbrockmendel
397,4180231147,64950,TST: add tests for assert_frame_equal/assert_series_equal near int64 bounds,merged,2026-03-31T15:34:47Z,jbrockmendel
398,4180214432,64948,TST: add test for mixed-freq Period setops in object-dtype Index,merged,2026-03-31T15:32:36Z,jbrockmendel
399,4180209782,64947,TST: add regression test for Index.get_indexer_for with mixed tuples,merged,2026-03-31T15:31:55Z,jbrockmendel
400,4180206719,64946,REGR: fix plotting DataFrame with descending DatetimeIndex,merged,2026-03-31T15:31:28Z,jbrockmendel
401,4179333369,64944,CI: bump setup-micromamba to 3.0.0,merged,2026-03-31T13:43:11Z,jorisvandenbossche
402,4178546049,64943,REF: Update dedup_names TODO comment in python parser (GH#50371),merged,2026-03-31T11:56:38Z,DeeptimaanB
403,4177707523,64942,DOC: start 3.0.3 whatsnew notes,merged,2026-03-31T09:49:14Z,jorisvandenbossche
404,4174137428,64936,"BUG: hexbin plot now respects rcParams[""image.cmap""]",merged,2026-03-30T21:17:23Z,jbrockmendel
405,4173886873,64935,TST: remove dead-code xfails in test_append_common,merged,2026-03-30T20:30:41Z,jbrockmendel
406,4173444216,64934,RLS: 3.0.2 (#64930),merged,2026-03-30T19:20:40Z,jorisvandenbossche
407,4172802300,64932,Backport PR #64931 on branch 3.0.x (DOC/BLD: temporary disable upload of docs to get artifact),merged,2026-03-30T17:46:15Z,meeseeksmachine
408,4172406304,64931,DOC/BLD: temporary disable upload of docs to get artifact,merged,2026-03-30T16:56:47Z,jorisvandenbossche
409,4172378261,64930,RLS: 3.0.2,merged,2026-03-30T16:53:30Z,jorisvandenbossche
410,4172088092,64929,TST: make test assertions stricter,merged,2026-03-30T16:17:43Z,jbrockmendel
411,4171458079,64928,Backport PR #64664 on branch 3.0.x (BUG: DataFrame.sum() crashes on empty DataFrame with string + numeric columns),merged,2026-03-30T14:55:20Z,meeseeksmachine
412,4170849335,64927,[backport 3.0.x] PERF: fix slow python loop in validation for ArrowStringArray setitem value (_maybe_convert_setitem_value) (#64530),merged,2026-03-30T13:42:23Z,jorisvandenbossche
413,4170821413,64926,Backport PR #64133 on branch 3.0.x (BUG: str.find returns byte offset instead of character offset with str dtype),merged,2026-03-30T13:38:17Z,meeseeksmachine
414,4170251010,64925,Pixi: use build dir based on env name for build-pandas task,merged,2026-03-30T12:14:59Z,jorisvandenbossche
415,4169381676,64924,DOC: move some whatsnew items from 3.1.0 to 3.0.2,merged,2026-03-30T10:03:51Z,jorisvandenbossche
416,4169336170,64923,[backport 3.0.x] BUG: fix convert_dtypes dropping values from sliced mixed-dtype DataFrames (#64712),merged,2026-03-30T09:57:01Z,jorisvandenbossche
417,4169283824,64922,[backport 3.0.x] BUG: Fix HDFStore.put with StringDtype columns and compression (#64180) (#64569),merged,2026-03-30T09:49:27Z,jorisvandenbossche
418,4169103806,64921,[backport 3.0.x] BUG: Suppress unnecessary RuntimeWarning in to_datetime with missing componentsFix runtime warning (#64292),merged,2026-03-30T09:25:28Z,jorisvandenbossche
419,4168652051,64920,Bump github/codeql-action from 4.34.1 to 4.35.1,merged,2026-03-30T08:25:31Z,dependabot[bot]
420,4168649287,64919,Bump codecov/codecov-action from 5.5.3 to 6.0.0,merged,2026-03-30T08:25:10Z,dependabot[bot]
421,4168648678,64918,Bump mamba-org/setup-micromamba from 2.0.7 to 3.0.0,merged,2026-03-30T08:25:05Z,dependabot[bot]
422,4165722796,64916,TST: add tests for mixed-resolution datetime64 in object Index,merged,2026-03-29T20:27:17Z,jbrockmendel
423,4161704801,64913,"DOC: ""RadViz allow project"" -> ""RadViz allows you to project""",merged,2026-03-28T21:24:39Z,star1327p
424,4161174091,64912,REV: revert #64689 MultiIndex.loc datetime64-to-date conversion,merged,2026-03-28T18:12:58Z,jbrockmendel
425,4161150760,64909,CI: Replace deprecated actions/gh-actions-cache with gh cache delete command,merged,2026-03-28T18:07:56Z,mroeschke
426,4156898802,64903,TST: remove stale strict=False xfails,merged,2026-03-28T01:45:15Z,jbrockmendel
427,4156347245,64902,TST: Skip (AM/PM) parsing tests on non en_US locales,merged,2026-03-27T22:52:26Z,jbrockmendel
428,4155077026,64901,TST: remove stale strict=False xfails,merged,2026-03-27T18:38:03Z,jbrockmendel
429,4154994944,64900,DOC: Clarify that weekly anchor day is the end of the period,merged,2026-03-27T18:24:08Z,jbrockmendel
430,4154982893,64898,DOC: Clarify BusinessDay offset parameter docstring,merged,2026-03-27T18:22:08Z,jbrockmendel
431,4154977925,64897,"DOC: Clarify interaction between format, unit, and origin in to_datetime",merged,2026-03-27T18:21:22Z,jbrockmendel
432,4154956394,64896,BUG: Fix KeyError in DataFrame.to_stata with convert_dates and invalid column names,merged,2026-03-27T18:18:00Z,jbrockmendel
433,4154542703,64895,CI: Add pixi.lock update workflow,merged,2026-03-27T17:12:34Z,mroeschke
434,4153893700,64892,Backport PR #64886: BUG: Compute Variance of Complex Numbers Correctly,merged,2026-03-27T15:54:51Z,Alvaro-Kothe
435,4153764634,64891,BLD: reduce meson lower bound in build-system requires as well,merged,2026-03-27T15:36:21Z,jorisvandenbossche
436,4147658671,64887,CI: Use pixi.lock during Pixi environment creation,merged,2026-03-26T22:11:30Z,mroeschke
437,4147651559,64886,BUG: Compute Variance of Complex Numbers Correctly,merged,2026-03-26T22:09:48Z,Alvaro-Kothe
438,4145682414,64882,Backport PR #64386 on branch 3.0.x (BUG: fix sort_index AssertionError with RangeIndex and level parameter),merged,2026-03-26T16:51:40Z,meeseeksmachine
439,4145337459,64881,BUG: fix HDFStore.select scope resolution with list-of-conditions on Python 3.12+,merged,2026-03-26T16:08:25Z,jbrockmendel
440,4145251497,64880,BUG: regression in bdate_range for end on weekend,merged,2026-03-26T15:57:05Z,An1k4et
441,4139905938,64874,CI: re-enable werror on Windows and MacOS Unit Tests,merged,2026-03-26T02:15:15Z,Alvaro-Kothe
442,4139711976,64871,DEPR: deprecate dates-with-datetime64 in _maybe_downcast_for_indexing,merged,2026-03-26T01:30:02Z,jbrockmendel
443,4139557040,64869,TST: narrow xfail in test_categorical_dtype_single for pyarrow,merged,2026-03-26T00:54:24Z,jbrockmendel
444,4139465773,64863,PERF: optimize DataFrame.__repr__ formatting,merged,2026-03-26T00:27:11Z,jbrockmendel
445,4139461951,64862,TST: remove stale xfails in groupby value_counts tests,merged,2026-03-26T00:26:08Z,jbrockmendel
446,4139450442,64861,CI: Reduce meson lower boundin pixi to 1.2.3,merged,2026-03-26T00:22:50Z,mroeschke
447,4139447484,64860,TST: use approximate comparison for pairwise rolling corr on 32-bit,merged,2026-03-26T00:21:43Z,jbrockmendel
448,4139447378,64859,TST: remove np.sum xfails from rolling/expanding consistency tests,merged,2026-03-26T00:21:40Z,jbrockmendel
449,4139444181,64858,TST: remove/fix stale xfails,merged,2026-03-26T00:20:37Z,jbrockmendel
450,4139437031,64857,"DEPR: Deprecate weekday property on DatetimeIndex, PeriodIndex, Period",merged,2026-03-26T00:18:22Z,jbrockmendel
451,4139419674,64856,BUG: fix RecursionError in fillna with dict and duplicate MultiIndex columns,merged,2026-03-26T00:13:31Z,jbrockmendel
452,4139402720,64854,TST: add tests for NaN/NA issues resolved by distinguish_nan_and_na,merged,2026-03-26T00:09:13Z,jbrockmendel
453,4139397894,64853,BUG: fix BusinessHour subtraction landing on opening time,merged,2026-03-26T00:08:03Z,jbrockmendel
454,4139375825,64852,BUG: fix DataFrame.__getitem__ with slice in tuple on MultiIndex columns,merged,2026-03-26T00:01:15Z,jbrockmendel
455,4139369624,64850,"DOC: note that replace() uses equality, not identity",merged,2026-03-25T23:59:15Z,jbrockmendel
456,4139276000,64849,BUG: permit building from source with mingw,merged,2026-03-25T23:35:31Z,Alvaro-Kothe
457,4138574810,64846,"Revert ""BUG: distinguish bool from int in object-dtype hash table""",merged,2026-03-25T21:13:07Z,jbrockmendel
458,4138440118,64845,DOC: Add BigQuery DataFrames (bigframes) to ecosystem docs,merged,2026-03-25T20:50:23Z,tswast
459,4136519590,64840,TST: remove strict=False from xfail markers,merged,2026-03-25T15:54:33Z,jbrockmendel
460,4133787862,64837,Backport PR #64235 on branch 3.0.x (BUG: normalize_json no longer supports top-level missing entries),merged,2026-03-25T09:04:11Z,meeseeksmachine
461,4133026064,64836,BUG: Timedelta.round() raises ZeroDivisionError when internal unit is 's' and target frequency is sub-second,merged,2026-03-25T06:44:53Z,kjmin622
462,4131264059,64833,Backport PR #64829 on branch 3.0.x (TST: xfail test_no_track_times with HDF5 >= 2),merged,2026-03-24T23:14:39Z,meeseeksmachine
463,4130885083,64832,CLN: inline and remove maybe_convert_platform,merged,2026-03-24T21:54:41Z,jbrockmendel
464,4130836067,64831,REF: add ExtensionArray._groupby_quantile method,merged,2026-03-24T21:41:56Z,jbrockmendel
465,4130822502,64830,BUG: fix iloc setitem with nullable EA dtype Series/Index (#47776),merged,2026-03-24T21:38:24Z,jbrockmendel
466,4130613905,64829,TST: xfail test_no_track_times with HDF5 >= 2,merged,2026-03-24T20:58:06Z,jbrockmendel
467,4124691021,64818,BUG: Index.insert silently casts bool to numeric for masked dtypes,merged,2026-03-24T01:44:18Z,jbrockmendel
468,4124685134,64817,BUG: fix KeyError when looking up tuple in object Index with duplicates,merged,2026-03-24T01:42:10Z,jbrockmendel
469,4124648216,64816,BUG: fix DataFrame.where/mask with Series cond and axis=1,merged,2026-03-24T01:27:57Z,jbrockmendel
470,4124623093,64815,TST: test improved error message for non-monotonic DatetimeIndex slicing,merged,2026-03-24T01:18:34Z,jbrockmendel
471,4124615222,64814,BUG: honor drop_level=False in DataFrame.xs for fully specified MultiIndex keys,merged,2026-03-24T01:15:30Z,jbrockmendel
472,4124591525,64813,TST: add test for datetime.timedelta arithmetic resolution (GH#59656),merged,2026-03-24T01:06:52Z,jbrockmendel
473,4124570831,64812,ERR: clarify error message for multi-char separators with pyarrow engine,merged,2026-03-24T00:58:54Z,jbrockmendel
474,4123930348,64811,PERF: fast path for partial-string indexing on monotonic decreasing DTI,merged,2026-03-23T21:52:58Z,jbrockmendel
475,4123892656,64809,BUG: fix dt64[non_nano] + offsets with sub-unit offset parameter,merged,2026-03-23T21:44:05Z,jbrockmendel
476,4123875627,64807,PERF: Vectorize MultiIndex.get_locs for list-like keys,merged,2026-03-23T21:39:20Z,jbrockmendel
477,4123864633,64806,BUG: fix DatetimeIndex + DateOffset near DST transitions,merged,2026-03-23T21:36:16Z,jbrockmendel
478,4123853034,64804,BUG: fix is_subperiod/is_superperiod identity for M/Q/Y frequencies,merged,2026-03-23T21:32:57Z,jbrockmendel
479,4123846259,64802,ENH: Support axis parameter in masked array reductions for 2D arrays,merged,2026-03-23T21:30:57Z,jbrockmendel
480,4123836623,64801,ENH: use _cast_pointwise_result in ExtensionArray.map,merged,2026-03-23T21:28:14Z,jbrockmendel
481,4123714058,64798,BUG: reject unhashable elements in Index constructor,merged,2026-03-23T21:01:38Z,jbrockmendel
482,4123710808,64797,"BUG: exclude RangeIndex from _can_use_libjoin, fix _union sorting",merged,2026-03-23T21:01:03Z,jbrockmendel
483,4123708614,64796,BUG: Index.get_indexer with method and NaT/NaN target returns -1,merged,2026-03-23T21:00:36Z,jbrockmendel
484,4123703389,64794,PERF: speed up lexsort_indexer for numeric dtypes,merged,2026-03-23T20:59:39Z,jbrockmendel
485,4123699992,64792,"BUG: .loc with (scalar, list) on MultiIndex not dropping scalar level",merged,2026-03-23T20:59:02Z,jbrockmendel
486,4123698211,64791,BUG: Fix float16 overflow in nanmean/nansum by upcasting to float64,merged,2026-03-23T20:58:43Z,jbrockmendel
487,4123691185,64790,BUG: date_range excludes last offset boundary when end time < start time,merged,2026-03-23T20:57:31Z,jbrockmendel
488,4123680061,64789,BUG: groupby with Grouper(freq=...) raises when all keys are NaT,merged,2026-03-23T20:55:35Z,jbrockmendel
489,4123658232,64788,BUG: fix date_range inclusive filtering with periods,merged,2026-03-23T20:52:03Z,jbrockmendel
490,4123640007,64787,"PERF: reduce overhead in __finalize__, to_numpy, __getitem__, and dtypes",merged,2026-03-23T20:49:02Z,jbrockmendel
491,4123637760,64786,PERF: use searchsorted in IntervalIndex.get_indexer for monotonic indexes,merged,2026-03-23T20:48:41Z,jbrockmendel
492,4123635315,64785,PERF: avoid boxing in Term.type for PeriodArray/IntervalArray,merged,2026-03-23T20:48:18Z,jbrockmendel
493,4119117820,64782,Bump github/codeql-action from 4.32.6 to 4.34.1,merged,2026-03-23T08:23:35Z,dependabot[bot]
494,4119115732,64781,Bump codecov/codecov-action from 5.5.2 to 5.5.3,merged,2026-03-23T08:23:14Z,dependabot[bot]
495,4117004492,64776,CLN: Simplify wheel GHA,merged,2026-03-22T20:15:50Z,mroeschke
496,4116928950,64775,CI: Simplify cibuildwheel testing configs in pyproject.toml,merged,2026-03-22T19:42:55Z,mroeschke
497,4116923249,64774,CLN: Add more well known labels to project.urls,merged,2026-03-22T19:40:43Z,mroeschke
498,4115734097,64772,Fix doubled words and grammar errors in comments and docs,merged,2026-03-22T11:23:49Z,yangsong97
499,4114477670,64771,PERF: move string decoding from Python into Cython in read_sas,merged,2026-03-22T02:50:36Z,jbrockmendel
